{
	"info": {
		"_postman_id": "21e43393-35da-46ef-9bd8-6812a80d1cb1",
		"name": "EcoDrive",
		"schema": "https://schema.getpostman.com/json/collection/v2.1.0/collection.json",
		"_exporter_id": "35000124"
	},
	"item": [
		{
			"name": "bairro",
			"item": [
				{
					"name": "inserir",
					"request": {
						"method": "POST",
						"header": [],
						"body": {
							"mode": "raw",
							"raw": "{\r\n  \"nome\": \"Ipiranga\"\r\n}\r\n\r\n\r\n\r\n\r\n",
							"options": {
								"raw": {
									"language": "json"
								}
							}
						},
						"url": {
							"raw": "http://localhost:8080/bairros",
							"protocol": "http",
							"host": [
								"localhost"
							],
							"port": "8080",
							"path": [
								"bairros"
							]
						}
					},
					"response": []
				},
				{
					"name": "listarbairros",
					"request": {
						"method": "GET",
						"header": [],
						"url": {
							"raw": "http://localhost:8080/bairros",
							"protocol": "http",
							"host": [
								"localhost"
							],
							"port": "8080",
							"path": [
								"bairros"
							]
						}
					},
					"response": []
				},
				{
					"name": "listarPorId",
					"request": {
						"method": "GET",
						"header": [],
						"url": {
							"raw": "http://localhost:8080/bairros/6",
							"protocol": "http",
							"host": [
								"localhost"
							],
							"port": "8080",
							"path": [
								"bairros",
								"6"
							]
						}
					},
					"response": []
				},
				{
					"name": "atualizar",
					"request": {
						"method": "PUT",
						"header": [],
						"body": {
							"mode": "raw",
							"raw": "{\r\n  \"nome\": \"Paulista\"\r\n}",
							"options": {
								"raw": {
									"language": "json"
								}
							}
						},
						"url": {
							"raw": "http://localhost:8080/bairros/6",
							"protocol": "http",
							"host": [
								"localhost"
							],
							"port": "8080",
							"path": [
								"bairros",
								"6"
							]
						}
					},
					"response": []
				},
				{
					"name": "deletar",
					"request": {
						"method": "DELETE",
						"header": [],
						"url": {
							"raw": "http://localhost:8080/bairros/6",
							"protocol": "http",
							"host": [
								"localhost"
							],
							"port": "8080",
							"path": [
								"bairros",
								"6"
							]
						}
					},
					"response": []
				}
			]
		},
		{
			"name": "estacao_recarga",
			"item": [
				{
					"name": "inserir",
					"request": {
						"method": "POST",
						"header": [],
						"body": {
							"mode": "raw",
							"raw": "{\r\n  \"nome\": \"Recarga Jardim Paulista\",\r\n  \"bairroId\": 2,\r\n  \"latitude\": -23.563987,\r\n  \"longitude\": -46.654321,\r\n  \"tipoCarregador\": \"Super Rápido\",\r\n  \"precoPorKwh\": 1.10\r\n}\r\n\r\n\r\n\r\n\r\n\r\n\r\n",
							"options": {
								"raw": {
									"language": "json"
								}
							}
						},
						"url": {
							"raw": "http://localhost:8080/estacoes-recarga",
							"protocol": "http",
							"host": [
								"localhost"
							],
							"port": "8080",
							"path": [
								"estacoes-recarga"
							]
						}
					},
					"response": []
				},
				{
					"name": "listarTodas",
					"request": {
						"method": "GET",
						"header": [],
						"url": {
							"raw": "http://localhost:8080/estacoes-recarga",
							"protocol": "http",
							"host": [
								"localhost"
							],
							"port": "8080",
							"path": [
								"estacoes-recarga"
							]
						}
					},
					"response": []
				},
				{
					"name": "listarPorId",
					"request": {
						"method": "GET",
						"header": [],
						"url": {
							"raw": "http://localhost:8080/estacoes-recarga/2",
							"protocol": "http",
							"host": [
								"localhost"
							],
							"port": "8080",
							"path": [
								"estacoes-recarga",
								"2"
							]
						}
					},
					"response": []
				},
				{
					"name": "atualizar",
					"request": {
						"method": "PUT",
						"header": [],
						"body": {
							"mode": "raw",
							"raw": "{\r\n  \"nome\": \"Recarga Sustentável Bela Vista\",\r\n  \"bairroId\": 3,\r\n  \"latitude\": -23.561414,\r\n  \"longitude\": -46.655881,\r\n  \"tipoCarregador\": \"Super Rápido\",\r\n  \"precoPorKwh\": 1.20\r\n}",
							"options": {
								"raw": {
									"language": "json"
								}
							}
						},
						"url": {
							"raw": "http://localhost:8080/estacoes-recarga/2",
							"protocol": "http",
							"host": [
								"localhost"
							],
							"port": "8080",
							"path": [
								"estacoes-recarga",
								"2"
							]
						}
					},
					"response": []
				},
				{
					"name": "deletar",
					"request": {
						"method": "DELETE",
						"header": [],
						"url": {
							"raw": "http://localhost:8080/estacoes-recarga/1",
							"protocol": "http",
							"host": [
								"localhost"
							],
							"port": "8080",
							"path": [
								"estacoes-recarga",
								"1"
							]
						}
					},
					"response": []
				}
			]
		},
		{
			"name": "usuarios",
			"item": [
				{
					"name": "inserir",
					"request": {
						"method": "POST",
						"header": [],
						"body": {
							"mode": "raw",
							"raw": "{\r\n  \"nome\": \"Felipe Souza\",\r\n  \"email\": \"felipe.souza@email.com\",\r\n  \"senha\": \"senhaForte456\",\r\n  \"telefone\": \"+5511943210987\"\r\n}\r\n\r\n\r\n\r\n\r\n\r\n\r\n\r\n\r\n",
							"options": {
								"raw": {
									"language": "json"
								}
							}
						},
						"url": {
							"raw": "http://localhost:8080/api/usuarios",
							"protocol": "http",
							"host": [
								"localhost"
							],
							"port": "8080",
							"path": [
								"api",
								"usuarios"
							]
						}
					},
					"response": []
				},
				{
					"name": "listar",
					"request": {
						"method": "GET",
						"header": [],
						"url": {
							"raw": "http://localhost:8080/api/usuarios",
							"protocol": "http",
							"host": [
								"localhost"
							],
							"port": "8080",
							"path": [
								"api",
								"usuarios"
							]
						}
					},
					"response": []
				},
				{
					"name": "listarPorId",
					"request": {
						"method": "GET",
						"header": [],
						"url": {
							"raw": "http://localhost:8080/api/usuarios/7",
							"protocol": "http",
							"host": [
								"localhost"
							],
							"port": "8080",
							"path": [
								"api",
								"usuarios",
								"7"
							]
						}
					},
					"response": []
				},
				{
					"name": "atualizar",
					"request": {
						"method": "PUT",
						"header": [],
						"body": {
							"mode": "raw",
							"raw": "{\r\n  \"telefone\": \"+5511976543210\"\r\n}\r\n",
							"options": {
								"raw": {
									"language": "json"
								}
							}
						},
						"url": {
							"raw": "http://localhost:8080/api/usuarios/7",
							"protocol": "http",
							"host": [
								"localhost"
							],
							"port": "8080",
							"path": [
								"api",
								"usuarios",
								"7"
							]
						}
					},
					"response": []
				},
				{
					"name": "deletar",
					"request": {
						"method": "DELETE",
						"header": [],
						"body": {
							"mode": "raw",
							"raw": "",
							"options": {
								"raw": {
									"language": "json"
								}
							}
						},
						"url": {
							"raw": "http://localhost:8080/api/usuarios/7",
							"protocol": "http",
							"host": [
								"localhost"
							],
							"port": "8080",
							"path": [
								"api",
								"usuarios",
								"7"
							]
						}
					},
					"response": []
				}
			]
		},
		{
			"name": "veiculos",
			"item": [
				{
					"name": "inserir",
					"request": {
						"method": "POST",
						"header": [],
						"body": {
							"mode": "raw",
							"raw": "{\r\n  \"usuarioId\": 5,\r\n  \"marca\": \"Volkswagen\",\r\n  \"modelo\": \"ID.4\",\r\n  \"ano\": 2022,\r\n  \"isEletrico\": 1\r\n}\r\n",
							"options": {
								"raw": {
									"language": "json"
								}
							}
						},
						"url": {
							"raw": "http://localhost:8080/veiculos",
							"protocol": "http",
							"host": [
								"localhost"
							],
							"port": "8080",
							"path": [
								"veiculos"
							]
						}
					},
					"response": []
				},
				{
					"name": "listar",
					"request": {
						"method": "GET",
						"header": [],
						"url": {
							"raw": "http://localhost:8080/veiculos",
							"protocol": "http",
							"host": [
								"localhost"
							],
							"port": "8080",
							"path": [
								"veiculos"
							]
						}
					},
					"response": []
				},
				{
					"name": "listarPorId",
					"request": {
						"method": "GET",
						"header": [],
						"url": {
							"raw": "http://localhost:8080/veiculos/2",
							"protocol": "http",
							"host": [
								"localhost"
							],
							"port": "8080",
							"path": [
								"veiculos",
								"2"
							]
						}
					},
					"response": []
				},
				{
					"name": "atualizar",
					"request": {
						"method": "PUT",
						"header": [],
						"body": {
							"mode": "raw",
							"raw": "{\r\n  \"usuarioId\": 5,\r\n  \"marca\": \"Volkswagen\",\r\n  \"modelo\": \"ID.4\",\r\n  \"ano\": 2024,\r\n  \"isEletrico\": 1\r\n}",
							"options": {
								"raw": {
									"language": "json"
								}
							}
						},
						"url": {
							"raw": "http://localhost:8080/veiculos/5",
							"protocol": "http",
							"host": [
								"localhost"
							],
							"port": "8080",
							"path": [
								"veiculos",
								"5"
							]
						}
					},
					"response": []
				},
				{
					"name": "deletar",
					"request": {
						"method": "DELETE",
						"header": [],
						"url": {
							"raw": "http://localhost:8080/veiculos/{id}",
							"protocol": "http",
							"host": [
								"localhost"
							],
							"port": "8080",
							"path": [
								"veiculos",
								"{id}"
							]
						}
					},
					"response": []
				}
			]
		},
		{
			"name": "reserva",
			"item": [
				{
					"name": "inserir",
					"request": {
						"method": "POST",
						"header": [],
						"body": {
							"mode": "raw",
							"raw": "{\r\n  \"usuarioId\": 1,\r\n  \"estacaoId\": 2,\r\n  \"dataReserva\": \"2024-11-22T10:00:00\",\r\n  \"status\": 1\r\n}\r\n\r\n",
							"options": {
								"raw": {
									"language": "json"
								}
							}
						},
						"url": {
							"raw": "http://localhost:8080/reservas",
							"protocol": "http",
							"host": [
								"localhost"
							],
							"port": "8080",
							"path": [
								"reservas"
							]
						}
					},
					"response": []
				},
				{
					"name": "listar",
					"request": {
						"method": "GET",
						"header": [],
						"url": {
							"raw": "http://localhost:8080/reservas",
							"protocol": "http",
							"host": [
								"localhost"
							],
							"port": "8080",
							"path": [
								"reservas"
							]
						}
					},
					"response": []
				},
				{
					"name": "listarPorId",
					"request": {
						"method": "GET",
						"header": [],
						"url": {
							"raw": "http://localhost:8080/reservas/{id}",
							"protocol": "http",
							"host": [
								"localhost"
							],
							"port": "8080",
							"path": [
								"reservas",
								"{id}"
							]
						}
					},
					"response": []
				},
				{
					"name": "atualizar",
					"request": {
						"method": "PUT",
						"header": [],
						"url": {
							"raw": "http://localhost:8080/reservas/{id}",
							"protocol": "http",
							"host": [
								"localhost"
							],
							"port": "8080",
							"path": [
								"reservas",
								"{id}"
							]
						}
					},
					"response": []
				},
				{
					"name": "deletar",
					"request": {
						"method": "DELETE",
						"header": [],
						"url": {
							"raw": "http://localhost:8080/reservas/{id}",
							"protocol": "http",
							"host": [
								"localhost"
							],
							"port": "8080",
							"path": [
								"reservas",
								"{id}"
							]
						}
					},
					"response": []
				}
			]
		},
		{
			"name": "historico_carregamento",
			"item": [
				{
					"name": "inserir",
					"request": {
						"method": "POST",
						"header": [],
						"url": {
							"raw": "http://localhost:8080/historico-carregamento",
							"protocol": "http",
							"host": [
								"localhost"
							],
							"port": "8080",
							"path": [
								"historico-carregamento"
							]
						}
					},
					"response": []
				},
				{
					"name": "listar",
					"request": {
						"method": "GET",
						"header": [],
						"url": {
							"raw": "http://localhost:8080/historico-carregamento",
							"protocol": "http",
							"host": [
								"localhost"
							],
							"port": "8080",
							"path": [
								"historico-carregamento"
							]
						}
					},
					"response": []
				},
				{
					"name": "listarPorId",
					"request": {
						"method": "GET",
						"header": [],
						"url": {
							"raw": "http://localhost:8080/historico-carregamento/{id}",
							"protocol": "http",
							"host": [
								"localhost"
							],
							"port": "8080",
							"path": [
								"historico-carregamento",
								"{id}"
							]
						}
					},
					"response": []
				},
				{
					"name": "atualizar",
					"request": {
						"method": "PUT",
						"header": [],
						"url": {
							"raw": "http://localhost:8080/historico-carregamento/{id}",
							"protocol": "http",
							"host": [
								"localhost"
							],
							"port": "8080",
							"path": [
								"historico-carregamento",
								"{id}"
							]
						}
					},
					"response": []
				},
				{
					"name": "deletar",
					"request": {
						"method": "DELETE",
						"header": [],
						"url": {
							"raw": "http://localhost:8080/historico-carregamento/{id}",
							"protocol": "http",
							"host": [
								"localhost"
							],
							"port": "8080",
							"path": [
								"historico-carregamento",
								"{id}"
							]
						}
					},
					"response": []
				}
			]
		},
		{
			"name": "gasto_carregamento",
			"item": [
				{
					"name": "inserir",
					"request": {
						"method": "POST",
						"header": [],
						"url": {
							"raw": "http://localhost:8080/gastos-carregamento",
							"protocol": "http",
							"host": [
								"localhost"
							],
							"port": "8080",
							"path": [
								"gastos-carregamento"
							]
						}
					},
					"response": []
				},
				{
					"name": "listar",
					"request": {
						"method": "GET",
						"header": [],
						"url": {
							"raw": "http://localhost:8080/gastos-carregamento",
							"protocol": "http",
							"host": [
								"localhost"
							],
							"port": "8080",
							"path": [
								"gastos-carregamento"
							]
						}
					},
					"response": []
				},
				{
					"name": "listarPorId",
					"request": {
						"method": "GET",
						"header": [],
						"url": {
							"raw": "http://localhost:8080/gastos-carregamento/{id}",
							"protocol": "http",
							"host": [
								"localhost"
							],
							"port": "8080",
							"path": [
								"gastos-carregamento",
								"{id}"
							]
						}
					},
					"response": []
				},
				{
					"name": "atualizar",
					"request": {
						"method": "PUT",
						"header": [],
						"url": {
							"raw": "http://localhost:8080/gastos-carregamento/{id}",
							"protocol": "http",
							"host": [
								"localhost"
							],
							"port": "8080",
							"path": [
								"gastos-carregamento",
								"{id}"
							]
						}
					},
					"response": []
				},
				{
					"name": "deletar",
					"request": {
						"method": "DELETE",
						"header": [],
						"url": {
							"raw": "http://localhost:8080/gastos-carregamento/{id}",
							"protocol": "http",
							"host": [
								"localhost"
							],
							"port": "8080",
							"path": [
								"gastos-carregamento",
								"{id}"
							]
						}
					},
					"response": []
				}
			]
		},
		{
			"name": "concessionaria",
			"item": [
				{
					"name": "inserir",
					"request": {
						"method": "POST",
						"header": [],
						"body": {
							"mode": "raw",
							"raw": "{\r\n    \"nome\": \"Renault Hub\",\r\n    \"bairroId\": 5,\r\n    \"marca\": \"Renault\",\r\n    \"temEstacaoRecarga\": 0\r\n}\r\n\r\n\r\n\r\n\r\n",
							"options": {
								"raw": {
									"language": "json"
								}
							}
						},
						"url": {
							"raw": "http://localhost:8080/concessionarias",
							"protocol": "http",
							"host": [
								"localhost"
							],
							"port": "8080",
							"path": [
								"concessionarias"
							]
						}
					},
					"response": []
				},
				{
					"name": "listar",
					"request": {
						"method": "GET",
						"header": [],
						"url": {
							"raw": "http://localhost:8080/concessionarias",
							"protocol": "http",
							"host": [
								"localhost"
							],
							"port": "8080",
							"path": [
								"concessionarias"
							]
						}
					},
					"response": []
				},
				{
					"name": "listarPorId",
					"request": {
						"method": "GET",
						"header": [],
						"url": {
							"raw": "http://localhost:8080/concessionarias/21",
							"protocol": "http",
							"host": [
								"localhost"
							],
							"port": "8080",
							"path": [
								"concessionarias",
								"21"
							]
						}
					},
					"response": []
				},
				{
					"name": "atualizar",
					"request": {
						"method": "PUT",
						"header": [],
						"body": {
							"mode": "raw",
							"raw": "{\r\n    \"nome\": \"Tesla São Paulo\",\r\n    \"bairroId\": 2,\r\n    \"marca\": \"Tesla\",\r\n    \"temEstacaoRecarga\": 1\r\n}\r\n",
							"options": {
								"raw": {
									"language": "json"
								}
							}
						},
						"url": {
							"raw": "http://localhost:8080/concessionarias/24",
							"protocol": "http",
							"host": [
								"localhost"
							],
							"port": "8080",
							"path": [
								"concessionarias",
								"24"
							]
						}
					},
					"response": []
				},
				{
					"name": "deletar",
					"request": {
						"method": "DELETE",
						"header": [],
						"url": {
							"raw": "http://localhost:8080/concessionarias/{id}",
							"protocol": "http",
							"host": [
								"localhost"
							],
							"port": "8080",
							"path": [
								"concessionarias",
								"{id}"
							]
						}
					},
					"response": []
				}
			]
		},
		{
			"name": "fonte_energia",
			"item": [
				{
					"name": "inserir",
					"request": {
						"method": "POST",
						"header": [],
						"body": {
							"mode": "raw",
							"raw": "{\r\n    \"tipoEnergia\": \"Energia Comum\"\r\n}\r\n",
							"options": {
								"raw": {
									"language": "json"
								}
							}
						},
						"url": {
							"raw": "http://localhost:8080/fontes-energia",
							"protocol": "http",
							"host": [
								"localhost"
							],
							"port": "8080",
							"path": [
								"fontes-energia"
							]
						}
					},
					"response": []
				},
				{
					"name": "listar",
					"request": {
						"method": "GET",
						"header": [],
						"url": {
							"raw": "http://localhost:8080/fontes-energia",
							"protocol": "http",
							"host": [
								"localhost"
							],
							"port": "8080",
							"path": [
								"fontes-energia"
							]
						}
					},
					"response": []
				},
				{
					"name": "listarPorId",
					"request": {
						"method": "GET",
						"header": [],
						"url": {
							"raw": "http://localhost:8080/fontes-energia/{id}",
							"protocol": "http",
							"host": [
								"localhost"
							],
							"port": "8080",
							"path": [
								"fontes-energia",
								"{id}"
							]
						}
					},
					"response": []
				},
				{
					"name": "atualizar",
					"request": {
						"method": "PUT",
						"header": [],
						"url": {
							"raw": "http://localhost:8080/fontes-energia/{id}",
							"protocol": "http",
							"host": [
								"localhost"
							],
							"port": "8080",
							"path": [
								"fontes-energia",
								"{id}"
							]
						}
					},
					"response": []
				},
				{
					"name": "deletar",
					"request": {
						"method": "DELETE",
						"header": [],
						"url": {
							"raw": "http://localhost:8080/fontes-energia/{id}",
							"protocol": "http",
							"host": [
								"localhost"
							],
							"port": "8080",
							"path": [
								"fontes-energia",
								"{id}"
							]
						}
					},
					"response": []
				}
			]
		},
		{
			"name": "estacao_sustentavel",
			"item": [
				{
					"name": "inserir",
					"request": {
						"method": "POST",
						"header": [],
						"url": {
							"raw": "http://localhost:8080/estacoes-sustentaveis",
							"protocol": "http",
							"host": [
								"localhost"
							],
							"port": "8080",
							"path": [
								"estacoes-sustentaveis"
							]
						}
					},
					"response": []
				},
				{
					"name": "listar",
					"request": {
						"method": "GET",
						"header": [],
						"url": {
							"raw": "http://localhost:8080/estacoes-sustentaveis",
							"protocol": "http",
							"host": [
								"localhost"
							],
							"port": "8080",
							"path": [
								"estacoes-sustentaveis"
							]
						}
					},
					"response": []
				},
				{
					"name": "listarPorId",
					"request": {
						"method": "GET",
						"header": [],
						"url": {
							"raw": "http://localhost:8080/estacoes-sustentaveis/{id}",
							"protocol": "http",
							"host": [
								"localhost"
							],
							"port": "8080",
							"path": [
								"estacoes-sustentaveis",
								"{id}"
							]
						}
					},
					"response": []
				},
				{
					"name": "atualizar",
					"request": {
						"method": "PUT",
						"header": [],
						"url": {
							"raw": "http://localhost:8080/estacoes-sustentaveis/{id}",
							"protocol": "http",
							"host": [
								"localhost"
							],
							"port": "8080",
							"path": [
								"estacoes-sustentaveis",
								"{id}"
							]
						}
					},
					"response": []
				},
				{
					"name": "deletar",
					"request": {
						"method": "DELETE",
						"header": [],
						"url": {
							"raw": "http://localhost:8080/estacoes-sustentaveis/{id}",
							"protocol": "http",
							"host": [
								"localhost"
							],
							"port": "8080",
							"path": [
								"estacoes-sustentaveis",
								"{id}"
							]
						}
					},
					"response": []
				}
			]
		},
		{
			"name": "status_estacao_recarga",
			"item": [
				{
					"name": "inserir",
					"request": {
						"method": "POST",
						"header": [],
						"body": {
							"mode": "raw",
							"raw": "{\r\n    \"estacaoId\": 2,\r\n    \"status\": \"Defeituosa\"\r\n}\r\n",
							"options": {
								"raw": {
									"language": "json"
								}
							}
						},
						"url": {
							"raw": "http://localhost:8080/status-estacoes",
							"protocol": "http",
							"host": [
								"localhost"
							],
							"port": "8080",
							"path": [
								"status-estacoes"
							]
						}
					},
					"response": []
				},
				{
					"name": "listar",
					"request": {
						"method": "GET",
						"header": [],
						"url": {
							"raw": "http://localhost:8080/status-estacoes",
							"protocol": "http",
							"host": [
								"localhost"
							],
							"port": "8080",
							"path": [
								"status-estacoes"
							]
						}
					},
					"response": []
				},
				{
					"name": "listarPorId",
					"request": {
						"method": "GET",
						"header": [],
						"url": {
							"raw": "http://localhost:8080/status-estacoes/{id}",
							"protocol": "http",
							"host": [
								"localhost"
							],
							"port": "8080",
							"path": [
								"status-estacoes",
								"{id}"
							]
						}
					},
					"response": []
				},
				{
					"name": "atualizar",
					"request": {
						"method": "PUT",
						"header": [],
						"url": {
							"raw": "http://localhost:8080/status-estacoes/{id}",
							"protocol": "http",
							"host": [
								"localhost"
							],
							"port": "8080",
							"path": [
								"status-estacoes",
								"{id}"
							]
						}
					},
					"response": []
				},
				{
					"name": "deletar",
					"request": {
						"method": "DELETE",
						"header": [],
						"url": {
							"raw": "http://localhost:8080/status-estacoes/{id}",
							"protocol": "http",
							"host": [
								"localhost"
							],
							"port": "8080",
							"path": [
								"status-estacoes",
								"{id}"
							]
						}
					},
					"response": []
				}
			]
		}
	]
}